start,end
2016-06-04 08:08:46+0000,2016-06-09 06:02:42+0000
2016-06-09 19:08:42+0000,2016-06-14 17:02:39+0000
2016-06-29 08:33:29+0000,2016-07-04 06:27:25+0000
2016-07-06 15:57:04+0000,2016-07-09 09:27:02+0000
2016-07-09 11:16:12+0000,2016-07-11 20:34:55+0000
2016-07-31 02:43:02+0000,2016-08-02 00:12:11+0000
2016-08-02 08:23:26+0000,2016-08-05 15:21:13+0000
2016-08-09 13:14:11+0000,2016-08-13 04:23:13+0000
2016-08-19 08:07:29+0000,2016-08-24 06:01:26+0000
2016-09-18 16:37:29+0000,2016-09-21 14:40:22+0000
2016-09-26 10:12:23+0000,2016-09-29 15:21:01+0000
2016-10-07 14:45:16+0000,2016-10-12 12:39:12+0000
2016-10-25 17:35:54+0000,2016-10-30 15:29:50+0000
2016-11-13 09:10:41+0000,2016-11-18 07:04:38+0000
2016-11-18 10:10:12+0000,2016-11-23 08:04:09+0000
2016-11-27 23:25:06+0000,2016-11-30 19:27:54+0000
2016-12-01 00:00:49+0000,2016-12-05 02:04:51+0000
2016-12-11 06:43:42+0000,2016-12-15 07:53:09+0000
2016-12-16 14:59:53+0000,2016-12-21 12:53:50+0000
2016-12-22 18:22:19+0000,2016-12-26 09:31:22+0000
2016-12-26 17:42:37+0000,2016-12-29 09:23:25+0000
2016-12-29 16:40:05+0000,2017-01-01 21:48:42+0000
2017-01-03 04:00:51+0000,2017-01-06 18:15:19+0000
2017-01-10 05:24:12+0000,2017-01-15 03:18:08+0000
2017-01-16 06:02:53+0000,2017-01-21 03:56:49+0000
2017-01-22 16:41:58+0000,2017-01-29 15:54:19+0000
2017-02-19 10:41:26+0000,2017-02-22 04:42:51+0000
2017-02-22 18:51:43+0000,2017-02-25 09:44:29+0000
2017-02-25 15:31:09+0000,2017-02-28 19:00:44+0000
2017-03-19 06:47:07+0000,2017-03-24 06:15:23+0000
2017-03-26 16:25:12+0000,2017-03-28 14:00:27+0000
2017-03-28 17:09:06+0000,2017-03-31 02:28:28+0000
2017-03-31 10:48:49+0000,2017-04-03 22:31:30+0000
2017-04-04 05:47:06+0000,2017-04-06 08:06:44+0000
2017-04-06 14:39:44+0000,2017-04-12 10:34:09+0000
2017-04-24 08:24:32+0000,2017-04-29 13:54:21+0000
2017-05-04 08:08:13+0000,2017-05-11 07:33:13+0000
2017-05-12 10:00:56+0000,2017-05-18 06:11:04+0000
2017-05-18 12:44:04+0000,2017-05-23 10:22:17+0000
2017-05-23 22:25:24+0000,2017-05-30 04:48:36+0000
2017-05-30 20:47:31+0000,2017-06-03 19:06:41+0000
2017-06-04 07:09:47+0000,2017-06-06 03:26:27+0000
2017-06-06 09:59:27+0000,2017-06-13 00:14:15+0000
2017-06-18 01:01:07+0000,2017-06-23 15:56:51+0000
2017-06-24 00:04:10+0000,2017-06-29 16:02:47+0000
2017-06-29 23:54:23+0000,2017-07-05 22:26:00+0000
2017-07-06 07:51:54+0000,2017-07-10 10:06:52+0000
2017-07-10 15:21:16+0000,2017-07-12 10:35:02+0000
2017-07-12 15:49:26+0000,2017-07-13 19:20:01+0000
2017-07-22 03:45:44+0000,2017-07-26 20:09:33+0000
2017-08-01 13:58:13+0000,2017-08-04 23:11:22+0000
2017-08-05 05:44:22+0000,2017-08-09 09:02:12+0000
2017-08-22 06:27:23+0000,2017-08-26 17:52:32+0000
2017-09-02 08:23:03+0000,2017-09-05 09:44:37+0000
2017-09-05 12:51:14+0000,2017-09-06 19:56:09+0000
2017-09-07 02:07:19+0000,2017-09-10 15:03:11+0000
2017-10-22 11:48:55+0000,2017-10-28 09:17:39+0000
2017-10-28 21:31:14+0000,2017-11-05 22:44:39+0000
2017-11-15 06:32:02+0000,2017-11-18 15:19:00+0000
2017-11-18 20:46:30+0000,2017-11-22 15:22:57+0000
2017-12-03 19:03:26+0000,2017-12-09 16:32:10+0000
2017-12-12 02:36:44+0000,2017-12-15 03:45:12+0000
2017-12-15 09:45:27+0000,2017-12-16 10:19:11+0000
2017-12-16 13:02:56+0000,2017-12-17 18:09:35+0000
2017-12-22 09:08:42+0000,2017-12-27 01:02:24+0000
2018-07-16 11:27:29+0000,2018-07-17 12:10:11+0000
2018-07-17 13:54:16+0000,2018-07-19 06:31:34+0000
2018-07-22 03:57:49+0000,2018-07-22 23:48:32+0000
2018-07-23 01:55:29+0000,2018-07-24 18:07:23+0000
2018-07-25 21:24:56+0000,2018-07-27 15:31:05+0000
2018-08-02 17:04:44+0000,2018-08-03 04:42:55+0000
2018-08-03 06:11:46+0000,2018-08-03 17:37:16+0000
2018-08-04 04:11:58+0000,2018-08-06 00:25:04+0000
2018-08-07 14:30:02+0000,2018-08-08 04:53:14+0000
2018-08-08 10:51:13+0000,2018-08-10 02:47:53+0000
2018-08-11 02:31:51+0000,2018-08-11 17:27:33+0000
2018-08-11 21:04:23+0000,2018-08-12 16:19:12+0000
2018-08-12 18:06:45+0000,2018-08-13 13:09:14+0000
2018-08-13 17:44:17+0000,2018-08-14 13:43:11+0000
2018-08-14 14:53:42+0000,2018-08-16 00:30:40+0000
2018-08-17 20:11:24+0000,2018-08-18 19:12:32+0000
2018-08-18 20:28:42+0000,2018-08-19 20:20:37+0000
2018-09-10 16:12:03+0000,2018-09-12 01:06:16+0000
2018-09-12 06:47:29+0000,2018-09-13 04:54:10+0000
2018-09-13 07:06:49+0000,2018-09-14 14:17:26+0000
2018-09-18 04:53:56+0000,2018-09-19 20:22:59+0000
2018-09-25 07:30:35+0000,2018-09-26 22:59:37+0000
2018-09-27 00:16:24+0000,2018-09-28 05:49:32+0000
2018-09-28 07:20:56+0000,2018-09-29 21:03:57+0000
2018-10-01 18:49:34+0000,2018-10-02 18:17:06+0000
2018-10-02 19:11:57+0000,2018-10-05 07:31:20+0000
2018-10-11 12:33:45+0000,2018-10-13 04:02:48+0000
2018-10-27 04:08:59+0000,2018-10-29 06:25:08+0000
2018-10-29 09:27:56+0000,2018-10-30 08:37:11+0000
2018-10-30 09:50:18+0000,2018-10-31 04:43:39+0000
2018-11-02 17:21:18+0000,2018-11-05 02:15:57+0000
2018-11-05 22:07:47+0000,2018-11-08 14:02:52+0000
2018-11-09 13:56:00+0000,2018-11-11 23:08:56+0000
2018-11-13 02:01:12+0000,2018-11-16 06:44:02+0000
2018-11-23 13:49:59+0000,2018-11-26 15:37:16+0000
2018-11-26 20:02:36+0000,2018-11-29 20:34:04+0000
2018-12-01 08:11:54+0000,2018-12-04 18:04:21+0000
2018-12-15 15:14:12+0000,2018-12-19 01:06:40+0000
2018-12-20 15:54:01+0000,2018-12-25 05:03:58+0000
2018-12-27 10:15:33+0000,2018-12-30 20:08:01+0000
2018-12-31 05:13:50+0000,2019-01-03 15:06:18+0000
2019-01-04 04:37:28+0000,2019-01-07 14:29:55+0000
2019-01-08 12:13:51+0000,2019-01-11 22:06:19+0000
2019-01-23 10:25:52+0000,2019-01-28 19:10:52+0000
2019-02-04 08:56:56+0000,2019-02-05 14:46:53+0000
2019-02-05 16:32:10+0000,2019-02-06 21:29:29+0000
2019-02-07 00:33:44+0000,2019-02-08 07:42:39+0000
2019-02-08 12:32:12+0000,2019-02-10 06:07:36+0000
2019-02-24 02:24:28+0000,2019-02-26 11:15:54+0000
2019-03-11 16:06:13+0000,2019-03-12 20:51:26+0000
2019-03-14 14:05:46+0000,2019-03-15 13:47:12+0000
2019-03-15 17:03:33+0000,2019-03-18 13:24:38+0000
2019-03-21 15:05:18+0000,2019-03-23 23:56:44+0000
2019-03-31 01:54:11+0000,2019-04-02 10:45:36+0000
2019-04-07 17:17:06+0000,2019-04-10 02:08:32+0000
2019-04-12 05:38:49+0000,2019-04-14 14:30:15+0000
2019-04-14 18:11:22+0000,2019-04-18 17:44:28+0000
2019-04-20 00:58:39+0000,2019-04-22 09:50:05+0000
2019-04-22 15:16:29+0000,2019-04-25 00:07:55+0000
2019-04-26 07:22:06+0000,2019-04-29 20:55:02+0000
2019-05-05 02:28:37+0000,2019-05-07 11:20:03+0000
2019-05-07 19:56:39+0000,2019-05-09 21:43:26+0000
2019-05-10 17:22:25+0000,2019-05-13 09:33:47+0000
2019-05-23 04:54:17+0000,2019-05-25 13:45:43+0000
2019-05-28 08:05:43+0000,2019-05-29 19:11:33+0000
2019-05-29 21:23:09+0000,2019-05-31 15:51:12+0000
2019-06-10 07:40:09+0000,2019-06-12 16:31:35+0000
2019-07-05 21:52:02+0000,2019-07-08 06:43:28+0000
2019-07-16 22:51:00+0000,2019-07-19 07:42:26+0000
2019-07-22 13:58:25+0000,2019-07-24 22:49:51+0000
2019-07-30 22:54:15+0000,2019-08-02 07:45:40+0000
2019-08-07 02:52:46+0000,2019-08-09 11:44:12+0000
2019-08-21 01:37:03+0000,2019-08-23 10:28:29+0000
2019-08-28 03:50:17+0000,2019-08-30 12:41:43+0000
2019-09-11 06:57:47+0000,2019-09-13 15:49:13+0000
2019-09-14 03:24:08+0000,2019-09-16 12:15:34+0000
2019-10-07 10:14:05+0000,2019-10-09 14:52:49+0000
2019-10-16 01:23:42+0000,2019-10-18 12:32:01+0000
2019-10-27 02:17:24+0000,2019-11-02 13:09:20+0000
2019-11-24 08:11:21+0000,2019-11-27 07:36:42+0000
2019-12-09 07:50:45+0000,2019-12-12 18:45:46+0000
2019-12-14 01:33:37+0000,2019-12-16 19:43:06+0000
2019-12-29 07:00:30+0000,2020-01-03 01:51:48+0000
2020-01-25 03:28:39+0000,2020-01-28 18:41:37+0000
2020-02-06 23:27:14+0000,2020-02-09 08:18:40+0000
2020-02-09 16:49:20+0000,2020-02-11 16:06:55+0000
2020-02-11 19:11:11+0000,2020-02-12 23:42:10+0000
2020-02-13 03:12:45+0000,2020-02-15 06:00:55+0000
2020-02-26 22:00:07+0000,2020-02-29 23:42:21+0000
2020-03-12 16:34:11+0000,2020-03-15 01:25:37+0000
2020-03-18 21:17:36+0000,2020-03-21 16:19:44+0000
2020-03-23 12:17:16+0000,2020-03-26 15:39:31+0000
2020-03-28 23:27:47+0000,2020-04-01 08:05:54+0000
2020-04-09 00:53:03+0000,2020-04-11 09:44:29+0000
2020-04-13 04:02:00+0000,2020-04-16 00:23:05+0000
2020-04-17 21:39:36+0000,2020-04-20 06:31:02+0000
2020-04-20 23:21:50+0000,2020-04-23 08:13:16+0000
2020-04-26 10:58:40+0000,2020-04-28 19:50:05+0000
2020-04-30 05:21:09+0000,2020-05-04 07:32:11+0000
2020-05-15 08:10:05+0000,2020-05-17 17:01:31+0000
2020-06-10 15:28:34+0000,2020-06-13 00:19:59+0000
2020-07-02 21:49:42+0000,2020-07-05 06:41:08+0000
2020-07-23 02:10:02+0000,2020-07-25 11:01:28+0000
2020-09-02 10:53:13+0000,2020-09-03 03:59:48+0000
2020-09-03 05:45:06+0000,2020-09-04 11:35:03+0000
2020-09-29 10:57:13+0000,2020-10-01 19:48:39+0000
2020-10-12 19:39:10+0000,2020-10-15 04:30:36+0000
2020-10-16 07:26:49+0000,2020-10-18 16:18:15+0000
2020-10-29 10:52:53+0000,2020-11-01 04:09:43+0000
2020-11-11 11:09:27+0000,2020-11-13 10:27:02+0000
2020-11-15 14:18:23+0000,2020-11-17 01:24:13+0000
2020-11-25 17:26:28+0000,2020-11-28 02:17:54+0000
2020-11-30 07:33:29+0000,2020-12-03 16:11:37+0000
2020-12-05 05:34:19+0000,2020-12-08 04:07:01+0000
2020-12-24 18:07:02+0000,2020-12-28 14:09:33+0000
2021-01-01 13:26:52+0000,2021-01-03 22:18:18+0000
2021-01-14 16:35:46+0000,2021-01-19 14:29:42+0000
2021-03-17 09:25:49+0000,2021-03-21 06:56:56+0000
2021-03-24 16:05:44+0000,2021-03-26 20:51:32+0000
2021-03-27 20:30:42+0000,2021-03-31 05:17:39+0000
2021-03-31 12:45:14+0000,2021-04-03 08:04:22+0000
2021-04-14 07:09:45+0000,2021-04-19 05:03:42+0000
2021-04-20 23:05:25+0000,2021-04-23 18:24:34+0000
2021-05-02 12:44:08+0000,2021-05-07 10:38:04+0000
2021-05-09 10:07:18+0000,2021-05-13 02:10:55+0000
2021-05-26 04:27:03+0000,2021-05-28 13:18:29+0000
2021-05-28 16:28:00+0000,2021-05-30 16:11:56+0000
2021-05-30 19:00:23+0000,2021-06-02 03:51:49+0000
2021-06-13 19:03:38+0000,2021-06-15 15:16:58+0000
2021-06-30 11:57:23+0000,2021-07-01 16:54:41+0000
2021-07-01 19:32:38+0000,2021-07-03 19:16:33+0000
2021-07-14 05:04:44+0000,2021-07-16 13:56:10+0000
2021-07-17 21:15:37+0000,2021-07-21 12:28:35+0000
2021-07-26 21:59:04+0000,2021-07-28 21:16:39+0000
2021-07-28 22:40:53+0000,2021-07-31 07:32:19+0000
2021-08-19 03:08:59+0000,2021-08-21 12:00:25+0000
2021-08-21 23:30:04+0000,2021-08-23 13:34:53+0000
2021-08-23 15:51:46+0000,2021-08-25 07:41:53+0000
2021-08-31 18:18:01+0000,2021-09-05 21:29:27+0000
2021-09-23 17:19:26+0000,2021-09-26 02:10:52+0000
2021-09-27 18:43:05+0000,2021-09-30 03:34:31+0000
2021-10-03 09:50:30+0000,2021-10-07 14:39:28+0000
2021-10-25 21:27:31+0000,2021-10-28 06:18:57+0000
2021-11-11 14:52:51+0000,2021-11-13 15:55:44+0000
2021-11-13 18:38:56+0000,2021-11-16 03:30:22+0000
2021-12-11 09:32:39+0000,2021-12-13 18:24:05+0000
2021-12-18 13:31:11+0000,2021-12-20 22:22:37+0000
2021-12-22 05:15:44+0000,2021-12-24 14:07:10+0000
2021-12-25 11:47:31+0000,2021-12-27 20:38:56+0000
2022-01-01 11:49:08+0000,2022-01-03 20:40:34+0000
2022-01-16 17:42:19+0000,2022-01-19 02:33:45+0000
2022-02-03 13:53:21+0000,2022-02-05 22:44:47+0000
2022-02-06 08:02:50+0000,2022-02-07 23:05:33+0000
2022-02-08 01:17:10+0000,2022-02-09 16:40:57+0000
2022-02-17 06:29:07+0000,2022-02-19 15:20:33+0000
2022-02-22 05:48:54+0000,2022-02-25 04:47:56+0000
2022-03-02 09:36:24+0000,2022-03-05 05:50:07+0000
2022-03-06 13:31:41+0000,2022-03-07 16:22:38+0000
2022-03-07 17:57:24+0000,2022-03-09 22:29:49+0000
2022-03-10 15:26:55+0000,2022-03-12 09:33:54+0000
2022-03-12 11:40:15+0000,2022-03-14 12:31:34+0000
2022-03-24 02:09:57+0000,2022-03-25 01:51:23+0000
2022-03-25 05:00:54+0000,2022-03-27 17:58:43+0000
2022-03-30 22:31:31+0000,2022-04-03 08:01:14+0000
2022-04-07 14:40:46+0000,2022-04-12 07:20:27+0000
2022-04-13 22:24:14+0000,2022-04-16 18:37:57+0000
2022-04-18 05:03:46+0000,2022-04-22 03:43:10+0000
2022-05-15 16:11:06+0000,2022-05-18 12:24:49+0000
2022-05-27 18:09:24+0000,2022-05-30 20:54:48+0000
2022-06-30 21:57:11+0000,2022-07-03 18:10:54+0000
2022-07-17 20:54:12+0000,2022-07-20 17:07:55+0000
2022-07-25 02:38:01+0000,2022-07-27 22:51:44+0000
2022-08-21 18:29:38+0000,2022-08-24 14:43:21+0000
2022-08-25 17:46:57+0000,2022-08-28 14:00:40+0000
2022-09-05 12:16:19+0000,2022-09-08 08:30:02+0000
2022-09-12 05:22:03+0000,2022-09-15 01:35:46+0000
2022-09-19 07:56:20+0000,2022-09-22 04:10:03+0000
2022-09-22 08:29:04+0000,2022-09-24 08:17:12+0000
2022-09-25 12:23:58+0000,2022-09-28 08:37:41+0000
2022-10-13 02:05:25+0000,2022-10-15 22:19:08+0000
2022-10-23 14:15:45+0000,2022-10-26 10:29:28+0000
2022-11-10 18:10:03+0000,2022-11-13 14:23:47+0000
2022-11-14 23:14:49+0000,2022-11-17 19:28:33+0000
2022-11-29 15:58:20+0000,2022-12-02 12:12:03+0000
2022-12-02 15:34:13+0000,2022-12-05 11:47:56+0000
2022-12-06 05:54:32+0000,2022-12-09 02:08:15+0000
2022-12-15 08:54:52+0000,2022-12-19 02:18:24+0000
2022-12-22 15:10:16+0000,2022-12-25 11:23:59+0000
